JOURNAL TITLE,mae,n
Soroori Rad 2011,0.32983356481481474,12
Oruç 1 2025,0.7992868421052585,19
"Chandramohan et al., 2025",1.0012108796296422,12
"Zhao et al., 2019",1.0746233333333388,19
" Chen et al.,2020",2.0475611111111154,3
