HOLE SHAPE,abs_error
square,0.4960976666666643
no_hole,0.9648072222222122
elongated,1.0012108796296422
rectangle,1.080658459595965
circle,1.8242874999999956
