HOLE SHAPE,abs_error
square,0.49609766666666516
no_hole,0.9648072222222122
elongated,1.001210879629642
rectangle,1.0806584595959654
circle,1.824287499999996
